{ "item11": { "piece y": 0.000000, "sprite": 0.000000, "x": 264.000000, "piece x": 1.000000, "type": 16.000000, "y": 8.000000, "angle": 0.000000 }, "item1": { "piece y": 0.000000, "sprite": 1.000000, "x": 24.000000, "piece x": 0.000000, "type": 4.000000, "y": 88.000000, "angle": 0.000000 }, "item15": { "piece y": 0.000000, "sprite": 0.899979, "x": 153.000000, "piece x": 0.000000, "type": 12.000000, "y": 40.000000, "angle": 0.000000 }, "item5": { "piece y": 0.000000, "sprite": 0.000000, "x": 8.000000, "piece x": 0.000000, "type": 16.000000, "y": 8.000000, "angle": 0.000000 }, "item3": { "piece y": 0.000000, "sprite": 0.000000, "x": 128.000000, "piece x": 0.000000, "type": 4.000000, "y": 24.000000, "angle": 0.000000 }, "item13": { "piece y": 0.000000, "sprite": 0.500000, "x": 120.000000, "piece x": 0.000000, "type": 2.000000, "y": 72.000000, "angle": 0.000000 }, "item7": { "piece y": 0.000000, "sprite": 0.000000, "x": 280.000000, "piece x": 1.000000, "type": 5.000000, "y": 88.000000, "angle": 90.000000 }, "item9": { "piece y": 0.000000, "sprite": 0.000000, "x": 384.000000, "piece x": 1.000000, "type": 4.000000, "y": 24.000000, "angle": 0.000000 }, "item4": { "piece y": 0.000000, "sprite": 2.000000, "x": 128.000000, "piece x": 0.000000, "type": 4.000000, "y": 152.000000, "angle": 0.000000 }, "item14": { "piece y": 0.000000, "destination": 2.000000, "sprite": 0.250000, "x": 120.000000, "piece x": 0.000000, "origine": 13.000000, "type": 15.000000, "y": 72.000000, "angle": 351.869904 }, "item0": { "piece y": 0.000000, "sprite": 0.000000, "x": 0.000000, "piece x": 0.000000, "type": 0.000000, "y": 0.000000, "angle": 0.000000 }, "item10": { "piece y": 0.000000, "sprite": 2.000000, "x": 384.000000, "piece x": 1.000000, "type": 4.000000, "y": 152.000000, "angle": 0.000000 }, "item16": { "piece y": 0.000000, "sprite": 0.799981, "x": 136.000000, "piece x": 0.000000, "type": 12.000000, "y": 103.000000, "angle": 0.000000 }, "item8": { "piece y": 0.000000, "sprite": 3.000000, "x": 488.000000, "piece x": 1.000000, "type": 4.000000, "y": 88.000000, "angle": 0.000000 }, "item6": { "piece y": 0.000000, "sprite": 0.000000, "x": 256.000000, "piece x": 1.000000, "type": 0.000000, "y": 0.000000, "angle": 0.000000 }, "item12": { "piece y": 0.000000, "sprite": 1.499955, "x": 72.000000, "piece x": 0.000000, "type": 1.000000, "y": 72.000000, "angle": 0.000000 }, "item2": { "piece y": 0.000000, "sprite": 0.250000, "x": 232.000000, "piece x": 0.000000, "type": 6.000000, "y": 88.000000, "angle": 270.000000 } }